label	iteration	result	selected_path
items-10	1	pass	$REPO/.build/benchmark-fixtures/column-race/items-10/01-A/item-00001.txt
items-10	2	pass	$REPO/.build/benchmark-fixtures/column-race/items-10/01-A/item-00001.txt
items-10	3	pass	$REPO/.build/benchmark-fixtures/column-race/items-10/01-A/item-00001.txt
items-10	4	pass	$REPO/.build/benchmark-fixtures/column-race/items-10/01-A/item-00001.txt
items-10	5	pass	$REPO/.build/benchmark-fixtures/column-race/items-10/01-A/item-00001.txt
items-10	6	pass	$REPO/.build/benchmark-fixtures/column-race/items-10/01-A/item-00001.txt
items-10	7	pass	$REPO/.build/benchmark-fixtures/column-race/items-10/01-A/item-00001.txt
items-10	8	pass	$REPO/.build/benchmark-fixtures/column-race/items-10/01-A/item-00001.txt
items-10	9	pass	$REPO/.build/benchmark-fixtures/column-race/items-10/01-A/item-00001.txt
items-10	10	pass	$REPO/.build/benchmark-fixtures/column-race/items-10/01-A/item-00001.txt
items-1000	1	pass	$REPO/.build/benchmark-fixtures/column-race/items-1000/01-A/item-00001.txt
items-1000	2	pass	$REPO/.build/benchmark-fixtures/column-race/items-1000/01-A/item-00001.txt
items-1000	3	pass	$REPO/.build/benchmark-fixtures/column-race/items-1000/01-A/item-00001.txt
items-1000	4	pass	$REPO/.build/benchmark-fixtures/column-race/items-1000/01-A/item-00001.txt
items-1000	5	pass	$REPO/.build/benchmark-fixtures/column-race/items-1000/01-A/item-00001.txt
items-1000	6	pass	$REPO/.build/benchmark-fixtures/column-race/items-1000/01-A/item-00001.txt
items-1000	7	pass	$REPO/.build/benchmark-fixtures/column-race/items-1000/01-A/item-00001.txt
items-1000	8	pass	$REPO/.build/benchmark-fixtures/column-race/items-1000/01-A/item-00001.txt
items-1000	9	pass	$REPO/.build/benchmark-fixtures/column-race/items-1000/01-A/item-00001.txt
items-1000	10	pass	$REPO/.build/benchmark-fixtures/column-race/items-1000/01-A/item-00001.txt
items-10000	1	pass	$REPO/.build/benchmark-fixtures/column-race/items-10000/01-A/item-00001.txt
items-10000	2	pass	$REPO/.build/benchmark-fixtures/column-race/items-10000/01-A/item-00001.txt
items-10000	3	pass	$REPO/.build/benchmark-fixtures/column-race/items-10000/01-A/item-00001.txt
items-10000	4	pass	$REPO/.build/benchmark-fixtures/column-race/items-10000/01-A/item-00001.txt
items-10000	5	pass	$REPO/.build/benchmark-fixtures/column-race/items-10000/01-A/item-00001.txt
items-10000	6	pass	$REPO/.build/benchmark-fixtures/column-race/items-10000/01-A/item-00001.txt
items-10000	7	pass	$REPO/.build/benchmark-fixtures/column-race/items-10000/01-A/item-00001.txt
items-10000	8	pass	$REPO/.build/benchmark-fixtures/column-race/items-10000/01-A/item-00001.txt
items-10000	9	pass	$REPO/.build/benchmark-fixtures/column-race/items-10000/01-A/item-00001.txt
items-10000	10	pass	$REPO/.build/benchmark-fixtures/column-race/items-10000/01-A/item-00001.txt
